/*
SQLyog Enterprise - MySQL GUI v7.02 
MySQL - 5.0.22-community-nt : Database - cqgprs
*********************************************************************
*/

/*!40101 SET NAMES utf8 */;

/*!40101 SET SQL_MODE=''*/;

/*!40014 SET @OLD_FOREIGN_KEY_CHECKS=@@FOREIGN_KEY_CHECKS, FOREIGN_KEY_CHECKS=0 */;
/*!40101 SET @OLD_SQL_MODE=@@SQL_MODE, SQL_MODE='NO_AUTO_VALUE_ON_ZERO' */;

CREATE DATABASE /*!32312 IF NOT EXISTS*/`cqgprs` /*!40100 DEFAULT CHARACTER SET utf8 */;

USE `cqgprs`;

/*Table structure for table `sys_group` */

DROP TABLE IF EXISTS `sys_group`;

CREATE TABLE `sys_group` (
  `GROUPID` int(11) NOT NULL auto_increment,
  `PARENTID` int(11) NOT NULL default '1',
  `GROUPLEVEL` smallint(6) NOT NULL default '2',
  `GROUPENNAME` varchar(20) default NULL,
  `GROUPNAME` varchar(50) NOT NULL,
  `CONTACTER` varchar(50) default NULL,
  `PHONE` varchar(20) default NULL,
  `FAX` varchar(50) default NULL,
  `COMMENTS` varchar(200) default NULL,
  `DELFLAG` bit(1) default NULL COMMENT '是否删除，1删除0没删',
  `CREATEUSER` varchar(100) default NULL,
  `CREATETIME` datetime default NULL,
  `MODIFY_TIME` timestamp NOT NULL default CURRENT_TIMESTAMP on update CURRENT_TIMESTAMP,
  PRIMARY KEY  (`GROUPID`)
) ENGINE=InnoDB DEFAULT CHARSET=utf8;

/*Data for the table `sys_group` */

insert  into `sys_group`(`GROUPID`,`PARENTID`,`GROUPLEVEL`,`GROUPENNAME`,`GROUPNAME`,`CONTACTER`,`PHONE`,`FAX`,`COMMENTS`,`DELFLAG`,`CREATEUSER`,`CREATETIME`,`MODIFY_TIME`) values (10000161,0,1,'部门简称','部门名称','联系人','0755-26635251','0755-26635251','备注说明\r\n备注说明\r\n备注说明','\0','admin','2009-07-05 11:54:57','0000-00-00 00:00:00'),(10000162,10000161,2,'财务部','财务部','财富榜','12345678','12345678','1234567812345678','\0','admin','2009-07-12 23:59:56','0000-00-00 00:00:00'),(10000163,10000163,3,'行政部','行政部','行政部','行政部','行政部','行政部','\0','admin','2009-07-13 00:00:09','0000-00-00 00:00:00');

/*Table structure for table `sys_log` */

DROP TABLE IF EXISTS `sys_log`;

CREATE TABLE `sys_log` (
  `LOGID` int(11) NOT NULL auto_increment COMMENT '日志标示',
  `USERID` int(11) default NULL COMMENT '操作用户',
  `LOGINID` int(11) default NULL COMMENT '登陆标示',
  `RIGHTCODE` varchar(20) default NULL,
  `OPTIME` datetime default NULL COMMENT '操作时间',
  `OPRESULT` text COMMENT '描述',
  `USERNAME` varchar(20) default NULL,
  PRIMARY KEY  (`LOGID`)
) ENGINE=InnoDB DEFAULT CHARSET=utf8 COMMENT='系统日志信息';

/*Data for the table `sys_log` */

insert  into `sys_log`(`LOGID`,`USERID`,`LOGINID`,`RIGHTCODE`,`OPTIME`,`OPRESULT`,`USERNAME`) values (1,1,2,'passwdChange','2009-07-04 18:16:24','密码修改成功,旧密码:admin,新密码:admina','超级管理员'),(2,1,3,'passwdChange','2009-07-04 18:30:21','密码修改成功,旧密码:admina,新密码:admin','超级管理员'),(3,1,75,'passwdChange','2009-07-12 23:39:56','密码修改成功,旧密码:admin,新密码:admina','超级管理员'),(4,1,238,'passwdChange','2009-08-14 11:27:32','密码修改成功,旧密码:admina,新密码:admina','超级管理员');

/*Table structure for table `sys_loginlog` */

DROP TABLE IF EXISTS `sys_loginlog`;

CREATE TABLE `sys_loginlog` (
  `LOGINID` int(11) NOT NULL auto_increment COMMENT '日志标示',
  `USERID` int(11) default NULL COMMENT '用户标示',
  `LOGINTIME` datetime default NULL COMMENT '登陆时间',
  `LOGOUTTIME` datetime default NULL COMMENT '退出时间',
  `LOGINIP` varchar(20) default NULL COMMENT '登陆IP',
  `ISLAST` smallint(6) default NULL COMMENT '是否最近登陆\r\n            1是0否',
  `INSYSTIME` int(11) default NULL COMMENT '在系统逗留时间',
  `CONTEXTID` varchar(30) default NULL COMMENT '系统信息',
  `REMARKS` varchar(100) default NULL COMMENT '说明',
  `LOGINREMARKS` varchar(100) default NULL COMMENT '登陆备注',
  `USERNAME` varchar(20) default NULL,
  PRIMARY KEY  (`LOGINID`)
) ENGINE=InnoDB DEFAULT CHARSET=utf8 COMMENT='系统登陆日志信息';

/*Data for the table `sys_loginlog` */

insert  into `sys_loginlog`(`LOGINID`,`USERID`,`LOGINTIME`,`LOGOUTTIME`,`LOGINIP`,`ISLAST`,`INSYSTIME`,`CONTEXTID`,`REMARKS`,`LOGINREMARKS`,`USERNAME`) values (1,1,'2009-07-04 18:02:18',NULL,'127.0.0.1',0,0,'1246701596',NULL,'正常登录','超级管理员'),(2,1,'2009-07-04 18:15:43',NULL,'127.0.0.1',0,0,'1246702275',NULL,'会话退出重新登录','超级管理员'),(3,1,'2009-07-04 18:18:01','2009-07-04 18:39:38','127.0.0.1',0,1297,'1246702665','会话信息失效导致退出','会话退出重新登录','超级管理员'),(4,1,'2009-07-04 18:41:08',NULL,'127.0.0.1',0,0,'1246703998',NULL,'正常登录','超级管理员'),(5,1,'2009-07-05 11:47:20',NULL,'127.0.0.1',0,0,'1246703998',NULL,'正常登录','超级管理员'),(6,1,'2009-07-05 11:52:56',NULL,'127.0.0.1',0,0,'1246765759',NULL,'正常登录','超级管理员'),(7,1,'2009-07-05 12:13:28','2009-07-05 16:18:26','127.0.0.1',0,14698,'1246766491','会话信息失效导致退出','正常登录','超级管理员'),(8,1,'2009-07-06 00:02:37','2009-07-06 00:22:12','127.0.0.1',0,1175,'1246809498','会话信息失效导致退出','正常登录','超级管理员'),(9,1,'2009-07-06 00:23:29',NULL,'127.0.0.1',0,0,'1246810971',NULL,'正常登录','超级管理员'),(10,1,'2009-07-06 02:33:03','2009-07-06 06:39:27','127.0.0.1',0,14784,'1246818177','会话信息失效导致退出','正常登录','超级管理员'),(11,1,'2009-07-08 23:05:09','2009-07-08 23:08:06','127.0.0.1',0,177,'1247065204','系统正常退出','正常登录','超级管理员'),(12,1,'2009-07-08 23:09:42','2009-07-08 23:14:50','127.0.0.1',0,308,'1247065746','会话信息失效导致退出','正常登录','超级管理员'),(13,1,'2009-07-08 23:15:51',NULL,'127.0.0.1',0,0,'1247066116',NULL,'正常登录','超级管理员'),(14,1,'2009-07-09 00:14:07',NULL,'127.0.0.1',0,0,'1247069619',NULL,'正常登录','超级管理员'),(15,1,'2009-07-09 00:23:50','2009-07-09 00:46:03','127.0.0.1',0,1333,'1247070187','会话信息失效导致退出','正常登录','超级管理员'),(16,1,'2009-07-09 00:46:37',NULL,'127.0.0.1',0,0,'1247071580',NULL,'正常登录','超级管理员'),(17,1,'2009-07-09 00:48:32','2009-07-09 00:58:19','127.0.0.1',0,587,'1247071686','会话信息失效导致退出','正常登录','超级管理员'),(18,1,'2009-07-09 00:59:35','2009-07-09 01:07:15','127.0.0.1',0,460,'1247072354','会话信息失效导致退出','正常登录','超级管理员'),(19,1,'2009-07-09 01:09:45','2009-07-09 01:11:07','127.0.0.1',0,82,'1247072961','会话信息失效导致退出','正常登录','超级管理员'),(20,1,'2009-07-09 01:11:51',NULL,'127.0.0.1',0,0,'1247073092',NULL,'正常登录','超级管理员'),(21,1,'2009-07-09 16:40:01',NULL,'127.0.0.1',0,0,'1247128533',NULL,'正常登录','超级管理员'),(22,1,'2009-07-09 16:56:19','2009-07-09 16:57:11','127.0.0.1',0,52,'1247129466','会话信息失效导致退出','正常登录','超级管理员'),(23,1,'2009-07-09 16:57:54',NULL,'127.0.0.1',0,0,'1247129846',NULL,'正常登录','超级管理员'),(24,1,'2009-07-09 20:43:05','2009-07-09 22:01:24','127.0.0.1',0,4699,'1247143280','会话信息失效导致退出','正常登录','超级管理员'),(25,1,'2009-07-09 22:04:35',NULL,'127.0.0.1',0,0,'1247148106',NULL,'正常登录','超级管理员'),(26,1,'2009-07-09 22:55:06','2009-07-10 00:07:45','127.0.0.1',0,4359,'1247151213','会话信息失效导致退出','会话退出重新登录','超级管理员'),(27,1,'2009-07-10 00:11:07',NULL,'127.0.0.1',0,0,'1247155832',NULL,'会话退出重新登录','超级管理员'),(28,1,'2009-07-10 00:16:28',NULL,'127.0.0.1',0,0,'1247156164',NULL,'会话退出重新登录','超级管理员'),(29,1,'2009-07-10 00:20:22',NULL,'127.0.0.1',0,0,'1247156404',NULL,'正常登录','超级管理员'),(30,1,'2009-07-10 00:28:12',NULL,'127.0.0.1',0,0,'1247156833',NULL,'会话退出重新登录','超级管理员'),(31,1,'2009-07-10 00:50:40','2009-07-10 00:54:58','127.0.0.1',0,258,'1247158193','会话信息失效导致退出','会话退出重新登录','超级管理员'),(32,1,'2009-07-10 00:56:54','2009-07-10 01:02:33','127.0.0.1',0,339,'1247158519','会话信息失效导致退出','正常登录','超级管理员'),(33,1,'2009-07-10 01:03:14',NULL,'127.0.0.1',0,0,'1247158974',NULL,'会话退出重新登录','超级管理员'),(34,1,'2009-07-10 01:12:37',NULL,'127.0.0.1',0,0,'1247159530',NULL,'会话退出重新登录','超级管理员'),(35,1,'2009-07-10 01:18:44',NULL,'127.0.0.1',0,0,'1247159897',NULL,'会话退出重新登录','超级管理员'),(36,1,'2009-07-10 01:43:02',NULL,'127.0.0.1',0,0,'1247161349',NULL,'会话退出重新登录','超级管理员'),(37,1,'2009-07-10 01:47:52',NULL,'127.0.0.1',0,0,'1247161653',NULL,'正常登录','超级管理员'),(38,1,'2009-07-10 01:51:22',NULL,'127.0.0.1',0,0,'1247161859',NULL,'会话退出重新登录','超级管理员'),(39,1,'2009-07-10 01:55:13','2009-07-10 02:02:23','127.0.0.1',0,430,'1247162072','会话信息失效导致退出','会话退出重新登录','超级管理员'),(40,1,'2009-07-10 02:02:56',NULL,'127.0.0.1',0,0,'1247162560',NULL,'正常登录','超级管理员'),(41,1,'2009-07-10 02:10:28',NULL,'127.0.0.1',0,0,'1247163009',NULL,'正常登录','超级管理员'),(42,1,'2009-07-10 02:21:05','2009-07-10 02:25:13','127.0.0.1',0,248,'1247163636','系统正常退出','会话退出重新登录','超级管理员'),(43,1,'2009-07-10 21:21:59',NULL,'127.0.0.1',0,0,'1247232097',NULL,'正常登录','超级管理员'),(44,1,'2009-07-10 21:21:59',NULL,'127.0.0.1',0,0,'1247232097',NULL,'正常登录','超级管理员'),(45,1,'2009-07-10 21:24:02',NULL,'127.0.0.1',0,0,'1247232179',NULL,'会话退出重新登录','超级管理员'),(46,1,'2009-07-10 21:24:02',NULL,'127.0.0.1',0,0,'1247232179',NULL,'会话退出重新登录','超级管理员'),(47,1,'2009-07-10 22:06:43',NULL,'127.0.0.1',0,0,'1247234783',NULL,'会话退出重新登录','超级管理员'),(48,1,'2009-07-10 22:06:43','2009-07-10 22:44:41','127.0.0.1',0,2278,'1247234783','系统正常退出','会话退出重新登录','超级管理员'),(49,1,'2009-07-10 22:56:44',NULL,'127.0.0.1',0,0,'1247237794',NULL,'正常登录','超级管理员'),(50,1,'2009-07-10 22:56:44',NULL,'127.0.0.1',0,0,'1247237794',NULL,'正常登录','超级管理员'),(51,1,'2009-07-10 23:09:01','2009-07-10 23:20:29','127.0.0.1',0,688,'1247238519','WEB容器关闭导致退出','正常登录','超级管理员'),(52,1,'2009-07-10 23:09:01','2009-07-10 23:20:22','127.0.0.1',0,681,'1247238519','系统正常退出','正常登录','超级管理员'),(53,1,'2009-07-11 14:31:20',NULL,'127.0.0.1',0,0,'1247293778',NULL,'正常登录','超级管理员'),(54,1,'2009-07-11 14:31:20','2009-07-11 14:36:51','127.0.0.1',0,331,'1247293778','系统正常退出','正常登录','超级管理员'),(55,1,'2009-07-11 14:37:00',NULL,'127.0.0.1',0,0,'1247293778',NULL,'正常登录','超级管理员'),(56,1,'2009-07-11 14:37:00',NULL,'127.0.0.1',0,0,'1247293778',NULL,'正常登录','超级管理员'),(57,1,'2009-07-12 12:25:46',NULL,'127.0.0.1',0,0,'1247372646',NULL,'正常登录','超级管理员'),(58,1,'2009-07-12 13:52:12',NULL,'127.0.0.1',0,0,'1247377890',NULL,'正常登录','超级管理员'),(59,1,'2009-07-12 13:57:22',NULL,'127.0.0.1',0,0,'1247378188',NULL,'正常登录','超级管理员'),(60,1,'2009-07-12 14:13:58',NULL,'127.0.0.1',0,0,'1247379024',NULL,'正常登录','超级管理员'),(61,1,'2009-07-12 15:13:14','2009-07-12 15:15:59','127.0.0.1',0,165,'1247382735','会话信息失效导致退出','正常登录','超级管理员'),(62,1,'2009-07-12 15:16:37','2009-07-12 17:12:34','127.0.0.1',0,6957,'1247382976','会话信息失效导致退出','会话退出重新登录','超级管理员'),(63,1,'2009-07-12 17:16:23',NULL,'127.0.0.1',0,0,'1247390015',NULL,'正常登录','超级管理员'),(64,1,'2009-07-12 17:18:03',NULL,'127.0.0.1',0,0,'1247390265',NULL,'正常登录','超级管理员'),(65,1,'2009-07-12 17:54:21',NULL,'127.0.0.1',0,0,'1247392223',NULL,'正常登录','超级管理员'),(66,1,'2009-07-12 22:08:37',NULL,'127.0.0.1',0,0,'1247407644',NULL,'正常登录','超级管理员'),(67,1,'2009-07-12 22:08:37',NULL,'127.0.0.1',0,0,'1247407644',NULL,'正常登录','超级管理员'),(68,1,'2009-07-12 22:13:37',NULL,'127.0.0.1',0,0,'1247407967',NULL,'正常登录','超级管理员'),(69,1,'2009-07-12 22:13:37',NULL,'127.0.0.1',0,0,'1247407967',NULL,'正常登录','超级管理员'),(70,1,'2009-07-12 22:25:38',NULL,'127.0.0.1',0,0,'1247408721',NULL,'正常登录','超级管理员'),(71,1,'2009-07-12 22:25:39',NULL,'127.0.0.1',0,0,'1247408721',NULL,'正常登录','超级管理员'),(72,1,'2009-07-12 22:27:59',NULL,'127.0.0.1',0,0,'1247408863',NULL,'正常登录','超级管理员'),(73,1,'2009-07-12 22:27:59',NULL,'127.0.0.1',0,0,'1247408863',NULL,'正常登录','超级管理员'),(74,1,'2009-07-12 22:31:28',NULL,'127.0.0.1',0,0,'1247409048',NULL,'正常登录','超级管理员'),(75,1,'2009-07-12 22:31:28',NULL,'127.0.0.1',0,0,'1247409048',NULL,'正常登录','超级管理员'),(76,1,'2009-07-12 22:48:46','2009-07-12 23:39:44','127.0.0.1',0,3058,'1247409048','系统正常退出','正常登录','超级管理员'),(77,1,'2009-07-12 23:59:01',NULL,'127.0.0.1',0,0,'1247414321',NULL,'正常登录','超级管理员'),(78,1,'2009-07-12 23:59:02','2009-07-13 00:05:57','127.0.0.1',0,415,'1247414321','系统正常退出','正常登录','超级管理员'),(79,2,'2009-07-13 00:06:01',NULL,'127.0.0.1',0,0,'1247414321',NULL,'正常登录','超级管理员'),(80,2,'2009-07-13 00:06:01','2009-07-13 00:06:15','127.0.0.1',0,14,'1247414321','系统正常退出','正常登录','超级管理员'),(81,1,'2009-07-13 00:06:22',NULL,'127.0.0.1',0,0,'1247414321',NULL,'正常登录','超级管理员'),(82,1,'2009-07-13 00:06:22',NULL,'127.0.0.1',0,0,'1247414321',NULL,'正常登录','超级管理员'),(83,1,'2009-07-13 00:06:22','2009-07-13 00:07:24','127.0.0.1',0,62,'1247414321','系统正常退出','正常登录','超级管理员'),(84,2,'2009-07-13 00:07:30',NULL,'127.0.0.1',0,0,'1247414321',NULL,'正常登录','超级管理员'),(85,2,'2009-07-13 00:07:30','2009-07-13 00:07:44','127.0.0.1',0,14,'1247414321','系统正常退出','正常登录','超级管理员'),(86,1,'2009-07-13 00:07:51',NULL,'127.0.0.1',0,0,'1247414321',NULL,'正常登录','超级管理员'),(87,1,'2009-07-13 00:07:51',NULL,'127.0.0.1',0,0,'1247414321',NULL,'正常登录','超级管理员'),(88,1,'2009-07-13 00:17:41',NULL,'127.0.0.1',0,0,'1247415446',NULL,'正常登录','超级管理员'),(89,1,'2009-07-13 00:17:42',NULL,'127.0.0.1',0,0,'1247415446',NULL,'正常登录','超级管理员'),(90,1,'2009-07-13 00:21:19',NULL,'127.0.0.1',0,0,'1247415663',NULL,'正常登录','超级管理员'),(91,1,'2009-07-13 00:21:19','2009-07-13 00:21:36','127.0.0.1',0,17,'1247415663','系统正常退出','正常登录','超级管理员'),(92,2,'2009-07-13 00:21:53',NULL,'127.0.0.1',0,0,'1247415663',NULL,'正常登录','超级管理员'),(93,2,'2009-07-13 00:21:53','2009-07-13 00:22:52','127.0.0.1',1,59,'1247415663','系统正常退出','正常登录','超级管理员'),(94,1,'2009-07-13 00:22:57',NULL,'127.0.0.1',0,0,'1247415663',NULL,'正常登录','超级管理员'),(95,1,'2009-07-13 00:22:57','2009-07-13 00:24:14','127.0.0.1',0,77,'1247415663','系统正常退出','正常登录','超级管理员'),(96,3,'2009-07-13 00:24:19',NULL,'127.0.0.1',0,0,'1247415663',NULL,'正常登录','超级管理员'),(97,3,'2009-07-13 00:24:19','2009-07-13 00:24:20','127.0.0.1',0,1,'1247415663','系统正常退出','正常登录','超级管理员'),(98,1,'2009-07-13 00:25:46',NULL,'127.0.0.1',0,0,'1247415663',NULL,'正常登录','超级管理员'),(99,1,'2009-07-13 00:25:46','2009-07-13 00:27:38','127.0.0.1',0,112,'1247415663','系统正常退出','正常登录','超级管理员'),(100,3,'2009-07-13 00:27:45',NULL,'127.0.0.1',0,0,'1247415663',NULL,'正常登录','超级管理员'),(101,3,'2009-07-13 00:27:45','2009-07-13 00:28:15','127.0.0.1',1,30,'1247415663','系统正常退出','正常登录','超级管理员'),(102,4,'2009-07-13 00:28:18',NULL,'127.0.0.1',0,0,'1247415663',NULL,'正常登录','超级管理员'),(103,4,'2009-07-13 00:28:18','2009-07-13 00:28:20','127.0.0.1',0,2,'1247415663','系统正常退出','正常登录','超级管理员'),(104,1,'2009-07-13 00:29:21',NULL,'127.0.0.1',0,0,'1247415663',NULL,'正常登录','超级管理员'),(105,1,'2009-07-13 00:29:21',NULL,'127.0.0.1',0,0,'1247415663',NULL,'正常登录','超级管理员'),(106,1,'2009-07-13 00:29:21','2009-07-13 00:30:42','127.0.0.1',0,81,'1247415663','系统正常退出','正常登录','超级管理员'),(107,4,'2009-07-13 00:30:49',NULL,'127.0.0.1',0,0,'1247415663',NULL,'正常登录','超级管理员'),(108,4,'2009-07-13 00:30:49','2009-07-13 00:30:53','127.0.0.1',1,4,'1247415663','系统正常退出','正常登录','超级管理员'),(109,1,'2009-07-13 00:30:59',NULL,'127.0.0.1',0,0,'1247415663',NULL,'正常登录','超级管理员'),(110,1,'2009-07-13 00:30:59',NULL,'127.0.0.1',0,0,'1247415663',NULL,'正常登录','超级管理员'),(111,1,'2009-07-13 19:58:17',NULL,'127.0.0.1',0,0,'1247486176',NULL,'正常登录','超级管理员'),(112,1,'2009-07-13 20:26:37','2009-07-13 20:27:33','127.0.0.1',0,56,'1247487941','会话信息失效导致退出','正常登录','超级管理员'),(113,1,'2009-07-13 20:28:30','2009-07-13 20:42:13','127.0.0.1',0,823,'1247488076','会话信息失效导致退出','正常登录','超级管理员'),(114,1,'2009-07-13 20:44:52',NULL,'127.0.0.1',0,0,'1247488953',NULL,'正常登录','超级管理员'),(115,1,'2009-07-13 21:40:10',NULL,'127.0.0.1',0,0,'1247492381',NULL,'正常登录','超级管理员'),(116,1,'2009-07-13 21:48:16',NULL,'127.0.0.1',0,0,'1247492787',NULL,'会话退出重新登录','超级管理员'),(117,1,'2009-07-13 22:10:08',NULL,'127.0.0.1',0,0,'1247494080',NULL,'正常登录','超级管理员'),(118,1,'2009-07-14 00:17:22','2009-07-14 00:44:22','127.0.0.1',0,1620,'1247501834','会话信息失效导致退出','正常登录','超级管理员'),(119,1,'2009-07-14 11:49:07',NULL,'127.0.0.1',0,0,'1247543320',NULL,'正常登录','超级管理员'),(120,1,'2009-07-14 11:49:07','2009-07-14 11:52:04','127.0.0.1',0,177,'1247543320','系统正常退出','正常登录','超级管理员'),(121,1,'2009-07-14 11:52:50',NULL,'127.0.0.1',0,0,'1247543551',NULL,'正常登录','超级管理员'),(122,1,'2009-07-14 11:52:50',NULL,'127.0.0.1',0,0,'1247543551',NULL,'正常登录','超级管理员'),(123,1,'2009-07-14 12:10:49','2009-07-14 13:15:49','127.0.0.1',0,3900,'1247544578','WEB容器关闭导致退出','正常登录','超级管理员'),(124,1,'2009-07-14 12:10:49','2009-07-14 13:15:49','127.0.0.1',0,3900,'1247544578','会话信息失效导致退出','正常登录','超级管理员'),(125,1,'2009-07-14 13:17:52',NULL,'127.0.0.1',0,0,'1247548599',NULL,'会话退出重新登录','超级管理员'),(126,1,'2009-07-14 13:39:51','2009-07-14 14:24:17','127.0.0.1',0,2666,'1247549921','WEB容器关闭导致退出','会话退出重新登录','超级管理员'),(127,1,'2009-07-14 13:39:51','2009-07-14 14:06:31','127.0.0.1',0,1600,'1247549921','系统正常退出','会话退出重新登录','超级管理员'),(128,1,'2009-07-14 19:46:59',NULL,'127.0.0.1',0,0,'1247571882',NULL,'正常登录','超级管理员'),(129,1,'2009-07-14 19:58:05',NULL,'127.0.0.1',0,0,'1247572648',NULL,'正常登录','超级管理员'),(130,1,'2009-07-14 20:40:18',NULL,'127.0.0.1',0,0,'1247575181',NULL,'正常登录','超级管理员'),(131,1,'2009-07-14 20:47:45','2009-07-14 21:09:22','127.0.0.1',0,1297,'1247575535','会话信息失效导致退出','正常登录','超级管理员'),(132,1,'2009-07-14 21:35:04','2009-07-14 22:10:09','127.0.0.1',0,2105,'1247577010','WEB容器关闭导致退出','会话退出重新登录','超级管理员'),(133,1,'2009-07-14 21:35:04','2009-07-14 22:09:06','127.0.0.1',0,2042,'1247577010','系统正常退出','会话退出重新登录','超级管理员'),(134,1,'2009-07-14 22:11:15','2009-07-14 22:12:47','127.0.0.1',0,92,'1247580665','系统正常退出','正常登录','超级管理员'),(135,1,'2009-07-14 22:13:10','2009-07-14 22:13:18','127.0.0.1',0,8,'1247580665','系统正常退出','正常登录','超级管理员'),(136,1,'2009-07-14 22:13:23','2009-07-14 22:16:03','127.0.0.1',0,160,'1247580665','会话信息失效导致退出','正常登录','超级管理员'),(137,1,'2009-07-14 22:18:25',NULL,'127.0.0.1',0,0,'1247580989',NULL,'正常登录','超级管理员'),(138,1,'2009-07-14 22:45:01',NULL,'127.0.0.1',0,0,'1247582611',NULL,'正常登录','超级管理员'),(139,1,'2009-07-14 22:46:45',NULL,'127.0.0.1',0,0,'1247582752',NULL,'正常登录','超级管理员'),(140,1,'2009-07-14 22:49:23','2009-07-14 22:55:10','127.0.0.1',0,347,'1247582945','会话信息失效导致退出','正常登录','超级管理员'),(141,1,'2009-07-14 22:56:06',NULL,'127.0.0.1',0,0,'1247583343',NULL,'正常登录','超级管理员'),(142,1,'2009-07-14 23:04:08',NULL,'127.0.0.1',0,0,'1247583815',NULL,'正常登录','超级管理员'),(143,1,'2009-07-14 23:09:14',NULL,'127.0.0.1',0,0,'1247584110',NULL,'正常登录','超级管理员'),(144,1,'2009-07-14 23:39:31',NULL,'127.0.0.1',0,0,'1247585826',NULL,'正常登录','超级管理员'),(145,1,'2009-07-15 00:34:28','2009-07-15 02:18:10','127.0.0.1',0,6222,'1247589212','系统正常退出','会话退出重新登录','超级管理员'),(146,1,'2009-07-15 02:18:45','2009-07-15 02:19:59','127.0.0.1',0,74,'1247589212','系统正常退出','正常登录','超级管理员'),(147,1,'2009-07-15 17:07:34',NULL,'127.0.0.1',0,0,'1247646697',NULL,'正常登录','超级管理员'),(148,1,'2009-07-15 18:02:50','2009-07-15 18:03:06','127.0.0.1',0,16,'1247650998','系统正常退出','会话退出重新登录','超级管理员'),(149,1,'2009-07-15 18:03:13','2009-07-15 18:04:05','127.0.0.1',0,52,'1247650998','系统正常退出','正常登录','超级管理员'),(150,1,'2009-07-15 18:05:03',NULL,'127.0.0.1',0,0,'1247652278',NULL,'正常登录','超级管理员'),(151,1,'2009-07-15 18:07:40',NULL,'127.0.0.1',0,0,'1247652407',NULL,'正常登录','超级管理员'),(152,1,'2009-07-15 18:27:04',NULL,'127.0.0.1',0,0,'1247653381',NULL,'正常登录','超级管理员'),(153,1,'2009-07-15 20:01:25',NULL,'127.0.0.1',0,0,'1247659253',NULL,'正常登录','超级管理员'),(154,1,'2009-07-15 20:13:40','2009-07-15 20:54:55','127.0.0.1',0,2475,'1247659816','会话信息失效导致退出','正常登录','超级管理员'),(155,1,'2009-07-15 21:06:55','2009-07-15 21:15:23','127.0.0.1',0,508,'1247662524','系统正常退出','会话退出重新登录','超级管理员'),(156,1,'2009-07-15 21:17:59',NULL,'127.0.0.1',0,0,'1247663758',NULL,'正常登录','超级管理员'),(157,1,'2009-07-15 21:35:13','2009-07-15 22:00:05','127.0.0.1',0,1492,'1247664647','会话信息失效导致退出','正常登录','超级管理员'),(158,1,'2009-07-15 22:01:43','2009-07-15 22:13:23','127.0.0.1',0,700,'1247666445','系统正常退出','会话退出重新登录','超级管理员'),(159,1,'2009-07-15 22:16:28','2009-07-15 22:16:57','127.0.0.1',0,29,'1247666445','系统正常退出','正常登录','超级管理员'),(160,1,'2009-07-15 22:17:07','2009-07-15 22:35:11','127.0.0.1',0,1084,'1247666445','系统正常退出','正常登录','超级管理员'),(161,1,'2009-07-15 22:35:16','2009-07-15 22:36:25','127.0.0.1',0,69,'1247666445','会话信息失效导致退出','正常登录','超级管理员'),(162,1,'2009-07-15 23:29:09',NULL,'127.0.0.1',0,0,'1247671134',NULL,'会话退出重新登录','超级管理员'),(163,1,'2009-07-16 01:11:47',NULL,'127.0.0.1',0,0,'1247677591',NULL,'正常登录','超级管理员'),(164,1,'2009-07-16 01:11:47',NULL,'127.0.0.1',0,0,'1247677591',NULL,'正常登录','超级管理员'),(165,1,'2009-07-16 11:01:34',NULL,'127.0.0.1',0,0,'1247713212',NULL,'正常登录','超级管理员'),(166,1,'2009-07-16 11:04:05',NULL,'127.0.0.1',0,0,'1247713429',NULL,'正常登录','超级管理员'),(167,1,'2009-07-16 11:04:05',NULL,'127.0.0.1',0,0,'1247713429',NULL,'正常登录','超级管理员'),(168,1,'2009-07-16 11:12:13','2009-07-16 11:15:09','127.0.0.1',0,176,'1247713814','WEB容器关闭导致退出','正常登录','超级管理员'),(169,1,'2009-07-16 11:12:13','2009-07-16 11:15:09','127.0.0.1',0,176,'1247713814','会话信息失效导致退出','正常登录','超级管理员'),(170,1,'2009-07-16 11:20:17','2009-07-16 11:21:37','127.0.0.1',0,80,'1247714342','WEB容器关闭导致退出','正常登录','超级管理员'),(171,1,'2009-07-16 11:20:17','2009-07-16 11:21:36','127.0.0.1',0,79,'1247714342','会话信息失效导致退出','正常登录','超级管理员'),(172,1,'2009-07-16 11:22:22','2009-07-16 11:46:37','127.0.0.1',0,1455,'1247714512','WEB容器关闭导致退出','会话退出重新登录','超级管理员'),(173,1,'2009-07-16 11:22:22','2009-07-16 11:46:37','127.0.0.1',0,1455,'1247714512','会话信息失效导致退出','会话退出重新登录','超级管理员'),(174,1,'2009-07-16 11:35:08','2009-07-16 11:46:37','127.0.0.1',0,689,'1247714512','会话信息失效导致退出','正常登录','超级管理员'),(175,1,'2009-07-16 11:47:28','2009-07-16 11:47:41','127.0.0.1',0,13,'1247716014','系统正常退出','正常登录','超级管理员'),(176,1,'2009-07-16 11:47:56',NULL,'127.0.0.1',0,0,'1247716014',NULL,'正常登录','超级管理员'),(177,1,'2009-07-16 12:00:43',NULL,'127.0.0.1',0,0,'1247716014',NULL,'会话退出重新登录','超级管理员'),(178,1,'2009-07-16 12:00:43',NULL,'127.0.0.1',0,0,'1247716014',NULL,'会话退出重新登录','超级管理员'),(179,1,'2009-07-16 12:10:30',NULL,'127.0.0.1',0,0,'1247717411',NULL,'正常登录','超级管理员'),(180,1,'2009-07-21 11:26:09','2009-07-21 11:26:45','58.60.231.3',0,36,'1248146733','系统正常退出','正常登录','超级管理员'),(181,1,'2009-07-21 14:47:57','2009-07-21 14:48:14','58.60.231.3',0,17,'1248158873','系统正常退出','正常登录','超级管理员'),(182,1,'2009-07-21 14:48:22','2009-08-02 19:49:11','61.144.207.30',0,1054849,'1248158873','WEB容器关闭导致退出','正常登录','超级管理员'),(183,1,'2009-07-21 14:48:22','2009-07-21 14:56:00','61.144.207.30',0,458,'1248158873','系统正常退出','正常登录','超级管理员'),(184,1,'2009-07-21 14:58:34','2009-08-02 19:49:11','211.148.195.21',0,1054237,'1248158873','WEB容器关闭导致退出','正常登录','超级管理员'),(185,1,'2009-07-21 14:58:34','2009-08-02 19:49:11','211.148.195.21',0,1054237,'1248158873','WEB容器关闭导致退出','正常登录','超级管理员'),(186,1,'2009-07-21 14:58:34','2009-07-21 19:00:01','211.148.195.21',0,14487,'1248158873','会话信息失效导致退出','正常登录','超级管理员'),(187,1,'2009-07-21 14:58:47','2009-08-02 19:49:11','211.148.195.21',0,1054224,'1248158873','WEB容器关闭导致退出','正常登录','超级管理员'),(188,1,'2009-07-21 14:58:47','2009-08-02 19:49:11','211.148.195.21',0,1054224,'1248158873','WEB容器关闭导致退出','正常登录','超级管理员'),(189,1,'2009-07-21 14:58:47','2009-07-21 20:10:03','211.148.195.21',0,18676,'1248158873','会话信息失效导致退出','正常登录','超级管理员'),(190,1,'2009-07-21 23:50:26','2009-08-02 19:49:11','121.35.160.180',0,1022325,'1248158873','WEB容器关闭导致退出','正常登录','超级管理员'),(191,1,'2009-07-21 23:50:26','2009-07-22 03:58:16','121.35.160.180',0,14870,'1248158873','会话信息失效导致退出','正常登录','超级管理员'),(192,1,'2009-07-22 08:57:57','2009-08-02 19:49:11','211.148.195.21',0,989474,'1248158873','WEB容器关闭导致退出','正常登录','超级管理员'),(193,1,'2009-07-22 08:57:57','2009-08-02 19:49:11','211.148.195.21',0,989474,'1248158873','WEB容器关闭导致退出','正常登录','超级管理员'),(194,1,'2009-07-22 08:57:57','2009-07-22 09:08:02','211.148.195.21',0,605,'1248158873','系统正常退出','正常登录','超级管理员'),(195,1,'2009-07-22 17:29:29','2009-08-02 19:49:11','211.148.195.21',0,958782,'1248158873','WEB容器关闭导致退出','正常登录','超级管理员'),(196,1,'2009-07-22 17:29:29','2009-08-02 19:49:11','211.148.195.21',0,958782,'1248158873','WEB容器关闭导致退出','正常登录','超级管理员'),(197,1,'2009-07-22 17:29:29','2009-07-22 17:32:20','211.148.195.21',0,171,'1248158873','系统正常退出','正常登录','超级管理员'),(198,1,'2009-07-22 17:33:29','2009-08-02 19:49:11','211.148.195.21',0,958542,'1248158873','WEB容器关闭导致退出','正常登录','超级管理员'),(199,1,'2009-07-22 17:33:29','2009-08-02 19:49:11','211.148.195.21',0,958542,'1248158873','WEB容器关闭导致退出','正常登录','超级管理员'),(200,1,'2009-07-22 17:33:29','2009-07-22 21:35:45','211.148.195.21',0,14536,'1248158873','会话信息失效导致退出','正常登录','超级管理员'),(201,1,'2009-07-22 17:33:54','2009-07-22 21:35:45','211.148.195.21',0,14511,'1248158873','会话信息失效导致退出','正常登录','超级管理员'),(202,1,'2009-07-22 17:34:38','2009-08-02 19:49:11','211.148.195.21',0,958473,'1248158873','WEB容器关闭导致退出','正常登录','超级管理员'),(203,1,'2009-07-22 17:34:38','2009-07-22 21:35:45','211.148.195.21',0,14467,'1248158873','会话信息失效导致退出','正常登录','超级管理员'),(204,1,'2009-07-24 14:55:40','2009-08-02 19:49:11','211.148.195.21',0,795211,'1248158873','WEB容器关闭导致退出','正常登录','超级管理员'),(205,1,'2009-07-24 14:55:40','2009-08-02 19:49:11','211.148.195.21',0,795211,'1248158873','WEB容器关闭导致退出','正常登录','超级管理员'),(206,1,'2009-07-24 14:55:40','2009-07-24 19:02:01','211.148.195.21',0,14781,'1248158873','会话信息失效导致退出','正常登录','超级管理员'),(207,1,'2009-08-02 19:06:09','2009-08-02 23:19:01','113.88.20.199',0,15172,'1248158873','会话信息失效导致退出','正常登录','超级管理员'),(208,1,'2009-08-02 19:30:46','2009-08-02 19:49:11','113.88.20.199',0,1105,'1248158873','WEB容器关闭导致退出','正常登录','超级管理员'),(209,1,'2009-08-02 20:53:18','2009-08-03 01:01:04','113.88.20.199',0,14866,'1249217584','会话信息失效导致退出','正常登录','超级管理员'),(210,1,'2009-08-02 21:06:57','2009-08-03 01:07:04','113.88.20.199',0,14407,'1249217745','会话信息失效导致退出','会话退出重新登录','超级管理员'),(211,1,'2009-08-07 14:03:23','2009-08-07 18:20:13','58.60.231.3',0,15410,'1249219557','会话信息失效导致退出','正常登录','超级管理员'),(212,1,'2009-08-07 20:01:49','2009-08-08 00:56:24','58.60.231.3',0,17675,'1249219557','会话信息失效导致退出','正常登录','超级管理员'),(213,1,'2009-08-07 20:57:39','2009-08-08 00:59:24','58.60.231.3',0,14505,'1249219557','会话信息失效导致退出','会话退出重新登录','超级管理员'),(214,1,'2009-08-07 21:37:35','2009-08-08 01:40:25','58.60.231.3',0,14570,'1249219557','会话信息失效导致退出','会话退出重新登录','超级管理员'),(215,1,'2009-08-07 22:00:25','2009-08-08 02:02:26','58.60.231.3',0,14521,'1249219557','会话信息失效导致退出','会话退出重新登录','超级管理员'),(216,1,'2009-08-09 00:32:23','2009-08-09 05:32:12','219.133.119.13',0,17989,'1249219557','会话信息失效导致退出','正常登录','超级管理员'),(217,1,'2009-08-09 09:24:52','2009-08-09 13:31:59','119.123.204.173',0,14827,'1249219557','会话信息失效导致退出','正常登录','超级管理员'),(218,1,'2009-08-09 09:55:26','2009-08-09 09:56:06','119.123.204.173',0,40,'1249782917','系统正常退出','会话退出重新登录','超级管理员'),(219,1,'2009-08-09 09:56:13','2009-08-09 09:56:58','119.123.204.173',0,45,'1249782959','系统正常退出','正常登录','超级管理员'),(220,1,'2009-08-09 09:57:05','2009-08-09 09:57:30','119.123.204.173',0,25,'1249783012','系统正常退出','正常登录','超级管理员'),(221,1,'2009-08-09 17:24:39',NULL,'127.0.0.1',0,0,'1249809731',NULL,'正常登录','超级管理员'),(222,1,'2009-08-09 17:39:44',NULL,'127.0.0.1',0,0,'1249810757',NULL,'正常登录','超级管理员'),(223,1,'2009-08-09 17:58:55','2009-08-09 21:59:23','116.24.228.159',0,14428,'1249811924','会话信息失效导致退出','正常登录','超级管理员'),(224,1,'2009-08-09 18:00:18','2009-08-09 19:16:31','116.24.228.159',0,4573,'1249811924','系统正常退出','会话退出重新登录','超级管理员'),(225,1,'2009-08-09 19:16:38','2009-08-09 19:20:20','116.24.228.159',0,222,'1249816586','系统正常退出','正常登录','超级管理员'),(226,1,'2009-08-09 19:20:30','2009-08-09 19:21:19','116.24.228.159',0,49,'1249816819','系统正常退出','正常登录','超级管理员'),(227,1,'2009-08-09 19:21:25','2009-08-10 00:19:27','116.24.228.159',0,17882,'1249816877','会话信息失效导致退出','正常登录','超级管理员'),(228,1,'2009-08-09 19:26:55','2009-08-09 23:29:25','58.60.231.3',0,14550,'1249816877','会话信息失效导致退出','正常登录','超级管理员'),(229,1,'2009-08-09 20:59:51','2009-08-10 01:08:28','58.60.231.3',0,14917,'1249816877','会话信息失效导致退出','会话退出重新登录','超级管理员'),(230,1,'2009-08-10 21:03:20','2009-08-11 01:05:08','61.144.207.30',0,14508,'1249816877','会话信息失效导致退出','正常登录','超级管理员'),(231,1,'2009-08-10 23:35:20','2009-08-11 03:41:12','119.122.46.135',0,14752,'1249816877','会话信息失效导致退出','正常登录','超级管理员'),(232,1,'2009-08-13 20:36:09','2009-08-14 00:38:00','61.144.207.30',0,14511,'1249816877','会话信息失效导致退出','正常登录','超级管理员'),(233,1,'2009-08-13 20:36:23','2009-08-13 20:55:46','61.144.207.30',0,1163,'1249816877','WEB容器关闭导致退出','正常登录','超级管理员'),(234,1,'2009-08-13 20:36:26','2009-08-14 01:48:02','61.144.207.30',0,18696,'1249816877','会话信息失效导致退出','正常登录','超级管理员'),(235,1,'2009-08-13 20:50:06','2009-08-13 20:58:34','61.144.207.30',0,508,'1249816877','系统正常退出','正常登录','超级管理员'),(236,1,'2009-08-13 20:58:43','2009-08-14 01:00:00','61.144.207.30',0,14477,'1250168152','会话信息失效导致退出','正常登录','超级管理员'),(237,1,'2009-08-13 21:22:46','2009-08-14 01:24:01','61.144.207.30',0,14475,'1250168152','会话信息失效导致退出','会话退出重新登录','超级管理员'),(238,1,'2009-08-14 11:07:15','2009-08-14 15:30:58','119.123.206.82',0,15823,'1250219195','会话信息失效导致退出','正常登录','超级管理员'),(239,1,'2009-08-14 13:59:25','2009-08-17 20:38:37','61.144.207.30',0,283152,'1250219870','WEB容器关闭导致退出','正常登录','超级管理员'),(240,1,'2009-08-14 13:59:25','2009-08-17 20:38:37','61.144.207.30',0,283152,'1250219870','WEB容器关闭导致退出','正常登录','超级管理员'),(241,1,'2009-08-14 13:59:26','2009-08-14 18:03:02','61.144.207.30',0,14616,'1250219870','会话信息失效导致退出','正常登录','超级管理员'),(242,1,'2009-08-14 23:31:48','2009-08-17 20:38:37','58.251.81.89',0,248809,'1250219870','WEB容器关闭导致退出','正常登录','超级管理员'),(243,1,'2009-08-14 23:31:48','2009-08-15 03:33:18','58.251.81.89',0,14490,'1250219870','会话信息失效导致退出','正常登录','超级管理员'),(244,1,'2009-08-15 16:07:31','2009-08-15 20:11:46','113.88.21.171',0,14655,'1250219870','会话信息失效导致退出','正常登录','超级管理员'),(245,1,'2009-08-17 15:09:32','2009-08-17 20:38:37','211.148.195.21',0,19745,'1250219870','WEB容器关闭导致退出','正常登录','超级管理员'),(246,1,'2009-08-17 15:09:33','2009-08-17 20:38:37','211.148.195.21',0,19744,'1250219870','WEB容器关闭导致退出','正常登录','超级管理员'),(247,1,'2009-08-17 15:09:33','2009-08-17 20:38:37','211.148.195.21',0,19744,'1250219870','WEB容器关闭导致退出','正常登录','超级管理员'),(248,1,'2009-08-17 15:15:46','2009-08-17 20:38:37','123.179.68.92',0,19371,'1250219870','WEB容器关闭导致退出','正常登录','超级管理员'),(249,1,'2009-08-17 15:15:47','2009-08-17 20:38:37','123.179.68.92',0,19370,'1250219870','WEB容器关闭导致退出','正常登录','超级管理员'),(250,1,'2009-08-17 15:15:47','2009-08-17 15:17:20','123.179.68.92',0,93,'1250219870','系统正常退出','正常登录','超级管理员'),(251,1,'2009-08-17 15:29:36','2009-08-17 20:38:37','211.148.195.21',0,18541,'1250219870','WEB容器关闭导致退出','正常登录','超级管理员'),(252,1,'2009-08-17 15:29:37','2009-08-17 20:38:37','211.148.195.21',0,18540,'1250219870','WEB容器关闭导致退出','正常登录','超级管理员'),(253,1,'2009-08-17 15:29:37','2009-08-17 19:30:05','211.148.195.21',0,14428,'1250219870','会话信息失效导致退出','正常登录','超级管理员'),(254,1,'2009-08-17 16:12:18','2009-08-17 20:38:37','61.144.207.30',0,15979,'1250219870','WEB容器关闭导致退出','正常登录','超级管理员'),(255,1,'2009-08-17 16:12:18','2009-08-17 20:38:37','61.144.207.30',0,15979,'1250219870','WEB容器关闭导致退出','正常登录','超级管理员'),(256,1,'2009-08-17 16:12:19','2009-08-17 20:38:37','61.144.207.30',0,15978,'1250219870','WEB容器关闭导致退出','正常登录','超级管理员'),(257,1,'2009-08-17 16:19:40','2009-08-17 20:38:37','211.148.195.21',0,15537,'1250219870','WEB容器关闭导致退出','会话退出重新登录','超级管理员'),(258,1,'2009-08-17 16:19:40','2009-08-17 20:38:37','211.148.195.21',0,15537,'1250219870','WEB容器关闭导致退出','会话退出重新登录','超级管理员'),(259,1,'2009-08-17 16:20:09','2009-08-17 20:38:37','211.148.195.21',0,15508,'1250219870','WEB容器关闭导致退出','会话退出重新登录','超级管理员'),(260,1,'2009-08-17 16:20:30','2009-08-17 20:38:37','211.148.195.21',0,15487,'1250219870','WEB容器关闭导致退出','正常登录','超级管理员'),(261,1,'2009-08-17 16:20:30','2009-08-17 20:38:37','211.148.195.21',0,15487,'1250219870','WEB容器关闭导致退出','正常登录','超级管理员'),(262,1,'2009-08-17 16:20:30','2009-08-17 20:21:07','211.148.195.21',0,14437,'1250219870','会话信息失效导致退出','正常登录','超级管理员'),(263,1,'2009-08-17 16:22:38','2009-08-17 20:38:37','211.148.195.21',0,15359,'1250219870','WEB容器关闭导致退出','正常登录','超级管理员'),(264,1,'2009-08-17 16:22:38','2009-08-17 20:24:07','211.148.195.21',0,14489,'1250219870','会话信息失效导致退出','正常登录','超级管理员'),(265,1,'2009-08-17 16:37:55','2009-08-17 20:38:37','61.144.207.30',0,14442,'1250219870','WEB容器关闭导致退出','正常登录','超级管理员'),(266,1,'2009-08-17 16:37:55','2009-08-17 20:38:37','61.144.207.30',0,14442,'1250219870','WEB容器关闭导致退出','正常登录','超级管理员'),(267,1,'2009-08-17 16:37:55','2009-08-17 20:52:55','61.144.207.30',0,15300,'1250219870','会话信息失效导致退出','正常登录','超级管理员'),(268,1,'2009-08-17 16:53:06','2009-08-17 20:38:37','211.148.195.21',0,13531,'1250219870','WEB容器关闭导致退出','正常登录','超级管理员'),(269,1,'2009-08-17 16:53:06','2009-08-17 20:38:37','211.148.195.21',0,13531,'1250219870','WEB容器关闭导致退出','正常登录','超级管理员'),(270,1,'2009-08-17 16:53:06','2009-08-17 20:53:55','211.148.195.21',0,14449,'1250219870','会话信息失效导致退出','正常登录','超级管理员'),(271,1,'2009-08-17 16:56:39','2009-08-17 20:38:37','211.148.195.21',0,13318,'1250219870','WEB容器关闭导致退出','会话退出重新登录','超级管理员'),(272,1,'2009-08-17 16:56:39','2009-08-17 20:56:56','211.148.195.21',0,14417,'1250219870','会话信息失效导致退出','会话退出重新登录','超级管理员'),(273,1,'2009-08-17 16:57:26','2009-08-17 20:38:37','211.148.195.21',0,13271,'1250219870','WEB容器关闭导致退出','正常登录','超级管理员'),(274,1,'2009-08-17 16:57:26','2009-08-17 20:59:56','211.148.195.21',0,14550,'1250219870','会话信息失效导致退出','正常登录','超级管理员'),(275,1,'2009-08-17 16:57:34','2009-08-17 20:38:37','211.148.195.21',0,13263,'1250219870','WEB容器关闭导致退出','会话退出重新登录','超级管理员'),(276,1,'2009-08-17 16:57:34','2009-08-17 16:58:22','211.148.195.21',0,48,'1250219870','系统正常退出','会话退出重新登录','超级管理员'),(277,1,'2009-08-17 19:39:02','2009-08-17 20:38:37','61.144.207.30',0,3575,'1250219870','WEB容器关闭导致退出','正常登录','超级管理员'),(278,1,'2009-08-17 19:39:02','2009-08-17 23:42:00','61.144.207.30',0,14578,'1250219870','会话信息失效导致退出','正常登录','超级管理员'),(279,1,'2009-08-17 19:43:53','2009-08-17 20:38:37','61.144.207.30',0,3284,'1250219870','WEB容器关闭导致退出','正常登录','超级管理员'),(280,1,'2009-08-17 19:43:53','2009-08-17 23:45:00','61.144.207.30',0,14467,'1250219870','会话信息失效导致退出','正常登录','超级管理员'),(281,1,'2009-08-17 20:13:21','2009-08-18 00:15:01','61.144.207.30',0,14500,'1250219870','会话信息失效导致退出','正常登录','超级管理员'),(282,1,'2009-08-17 20:30:15','2009-08-17 20:38:37','61.144.207.30',0,502,'1250219870','WEB容器关闭导致退出','正常登录','超级管理员'),(283,1,'2009-08-17 20:30:15','2009-08-17 20:38:37','61.144.207.30',0,502,'1250219870','WEB容器关闭导致退出','正常登录','超级管理员'),(284,1,'2009-08-17 20:30:15','2009-08-18 00:34:02','61.144.207.30',0,14627,'1250219870','会话信息失效导致退出','正常登录','超级管理员'),(285,1,'2009-08-17 20:31:55','2009-08-18 00:41:02','61.144.207.30',0,14947,'1250219870','会话信息失效导致退出','正常登录','超级管理员'),(286,1,'2009-08-17 21:16:36','2009-08-18 01:20:03','61.144.207.30',0,14607,'1250512734','会话信息失效导致退出','会话退出重新登录','超级管理员'),(287,1,'2009-08-17 22:28:54','2009-08-18 22:37:38','58.251.85.215',0,86924,'1250512734','WEB容器关闭导致退出','正常登录','超级管理员'),(288,1,'2009-08-17 22:28:55','2009-08-18 02:31:05','58.251.85.215',0,14530,'1250512734','会话信息失效导致退出','正常登录','超级管理员'),(289,1,'2009-08-18 09:38:50','2009-08-18 22:37:38','211.148.195.21',0,46728,'1250512734','WEB容器关闭导致退出','正常登录','超级管理员'),(290,1,'2009-08-18 09:38:51','2009-08-18 09:38:58','211.148.195.21',0,7,'1250512734','系统正常退出','正常登录','超级管理员'),(291,1,'2009-08-18 21:12:08','2009-08-19 01:43:52','121.34.28.230',0,16304,'1250512734','会话信息失效导致退出','正常登录','超级管理员'),(292,1,'2009-08-18 21:56:25','2009-08-19 02:00:52','121.34.28.230',0,14667,'1250512734','会话信息失效导致退出','会话退出重新登录','超级管理员'),(293,1,'2009-08-18 22:04:25','2009-08-19 02:19:53','121.34.28.230',0,15328,'1250512734','会话信息失效导致退出','会话退出重新登录','超级管理员'),(294,1,'2009-08-18 22:21:30','2009-08-18 22:41:03','121.34.28.230',0,1173,'1250512734','系统正常退出','会话退出重新登录','超级管理员'),(295,1,'2009-08-18 22:41:10','2009-08-19 03:27:55','121.34.28.230',0,17205,'1250606457','会话信息失效导致退出','正常登录','超级管理员'),(296,1,'2009-08-18 23:36:35','2009-08-19 20:06:07','58.251.85.215',0,73772,'1250607106','WEB容器关闭导致退出','正常登录','超级管理员'),(297,1,'2009-08-18 23:36:36','2009-08-19 20:06:07','58.251.85.215',0,73771,'1250607106','WEB容器关闭导致退出','正常登录','超级管理员'),(298,1,'2009-08-18 23:36:38','2009-08-19 20:06:07','58.251.85.215',0,73769,'1250607106','WEB容器关闭导致退出','正常登录','超级管理员'),(299,1,'2009-08-18 23:36:38','2009-08-19 20:06:07','58.251.85.215',0,73769,'1250607106','WEB容器关闭导致退出','正常登录','超级管理员'),(300,1,'2009-08-19 00:08:42','2009-08-19 20:06:07','58.251.80.207',0,71845,'1250607106','WEB容器关闭导致退出','正常登录','超级管理员'),(301,1,'2009-08-19 00:08:43','2009-08-19 20:06:07','58.251.80.207',0,71844,'1250607106','WEB容器关闭导致退出','正常登录','超级管理员'),(302,1,'2009-08-19 00:08:43','2009-08-19 04:09:56','58.251.80.207',0,14473,'1250607106','会话信息失效导致退出','正常登录','超级管理员'),(303,1,'2009-08-19 00:10:49','2009-08-19 20:06:07','58.251.80.207',0,71718,'1250607106','WEB容器关闭导致退出','正常登录','超级管理员'),(304,1,'2009-08-19 00:10:49','2009-08-19 20:06:07','58.251.80.207',0,71718,'1250607106','WEB容器关闭导致退出','正常登录','超级管理员'),(305,1,'2009-08-19 00:10:49','2009-08-19 04:13:56','58.251.80.207',0,14587,'1250607106','会话信息失效导致退出','正常登录','超级管理员'),(306,1,'2009-08-19 00:50:03','2009-08-19 20:06:07','58.251.80.207',0,69364,'1250607106','WEB容器关闭导致退出','正常登录','超级管理员'),(307,1,'2009-08-19 00:50:03','2009-08-19 04:54:57','58.251.80.207',0,14694,'1250607106','会话信息失效导致退出','正常登录','超级管理员'),(308,1,'2009-08-19 19:37:57','2009-08-19 20:06:07','61.144.207.30',0,1690,'1250607106','WEB容器关闭导致退出','正常登录','超级管理员'),(309,1,'2009-08-19 19:37:57','2009-08-19 20:06:07','61.144.207.30',0,1690,'1250607106','WEB容器关闭导致退出','正常登录','超级管理员'),(310,1,'2009-08-19 19:37:57','2009-08-19 23:59:40','61.144.207.30',0,15703,'1250607106','会话信息失效导致退出','正常登录','超级管理员'),(311,1,'2009-08-19 19:44:54','2009-08-19 20:14:57','61.144.207.30',0,1803,'1250607106','系统正常退出','正常登录','超级管理员'),(312,6,'2009-08-19 20:15:01','2009-08-19 20:15:12','61.144.207.30',0,11,'1250683578','系统正常退出','正常登录','顾正辉'),(313,1,'2009-08-19 20:15:19','2009-08-20 00:23:41','61.144.207.30',0,14902,'1250683578','会话信息失效导致退出','正常登录','超级管理员'),(314,1,'2009-08-19 20:35:40','2009-08-20 01:34:43','61.144.207.30',0,17943,'1250684553','会话信息失效导致退出','会话退出重新登录','超级管理员'),(315,1,'2009-08-19 21:13:58','2009-08-23 13:46:53','61.144.207.30',0,318775,'1250684553','WEB容器关闭导致退出','正常登录','超级管理员'),(316,1,'2009-08-19 21:13:58','2009-08-23 13:46:53','61.144.207.30',0,318775,'1250684553','WEB容器关闭导致退出','正常登录','超级管理员'),(317,1,'2009-08-19 21:13:58','2009-08-20 01:33:43','61.144.207.30',0,15585,'1250684553','会话信息失效导致退出','正常登录','超级管理员'),(318,1,'2009-08-19 22:57:08','2009-08-23 13:46:53','61.144.207.30',0,312585,'1250684553','WEB容器关闭导致退出','正常登录','超级管理员'),(319,1,'2009-08-19 22:57:08','2009-08-23 13:46:53','61.144.207.30',0,312585,'1250684553','WEB容器关闭导致退出','正常登录','超级管理员'),(320,1,'2009-08-19 22:57:08','2009-08-20 03:47:46','61.144.207.30',0,17438,'1250684553','会话信息失效导致退出','正常登录','超级管理员'),(321,1,'2009-08-19 23:18:26','2009-08-20 03:18:46','61.144.207.30',0,14420,'1250684553','会话信息失效导致退出','会话退出重新登录','超级管理员'),(322,1,'2009-08-21 18:43:15','2009-08-23 13:46:53','61.144.207.30',0,155018,'1250684553','WEB容器关闭导致退出','正常登录','超级管理员'),(323,1,'2009-08-21 18:43:15','2009-08-23 13:46:53','61.144.207.30',0,155018,'1250684553','WEB容器关闭导致退出','正常登录','超级管理员'),(324,1,'2009-08-21 18:43:16','2009-08-21 22:46:58','61.144.207.30',0,14622,'1250684553','会话信息失效导致退出','正常登录','超级管理员'),(325,1,'2009-08-22 16:13:47','2009-08-23 13:46:53','61.141.158.194',0,77586,'1250684553','WEB容器关闭导致退出','正常登录','超级管理员'),(326,1,'2009-08-22 16:13:47','2009-08-23 13:46:53','61.141.158.194',0,77586,'1250684553','WEB容器关闭导致退出','正常登录','超级管理员'),(327,1,'2009-08-22 16:13:47','2009-08-22 20:26:34','61.141.158.194',0,15167,'1250684553','会话信息失效导致退出','正常登录','超级管理员'),(328,1,'2009-08-22 21:17:51','2009-08-23 13:46:53','61.141.158.194',0,59342,'1250684553','WEB容器关闭导致退出','会话退出重新登录','超级管理员'),(329,1,'2009-08-22 21:17:51','2009-08-23 01:50:43','61.141.158.194',0,16372,'1250684553','会话信息失效导致退出','会话退出重新登录','超级管理员'),(330,1,'2009-08-23 13:30:01','2009-08-23 13:46:53','61.141.158.194',0,1012,'1250684553','WEB容器关闭导致退出','正常登录','超级管理员'),(331,1,'2009-08-23 13:30:02','2009-08-23 13:46:53','61.141.158.194',0,1011,'1250684553','WEB容器关闭导致退出','正常登录','超级管理员'),(332,1,'2009-08-23 13:30:02','2009-08-23 17:31:01','61.141.158.194',0,14459,'1250684553','会话信息失效导致退出','正常登录','超级管理员'),(333,1,'2009-08-23 13:37:56','2009-08-23 17:39:09','61.141.158.194',0,14473,'1250684553','会话信息失效导致退出','正常登录','超级管理员'),(334,1,'2009-08-23 13:49:12','2009-08-23 13:57:12','61.141.158.194',0,480,'1251006424','系统正常退出','正常登录','超级管理员'),(335,1,'2009-08-23 13:57:17','2009-08-23 13:57:54','61.141.158.194',0,37,'1251007020','系统正常退出','正常登录','超级管理员'),(336,1,'2009-08-23 13:58:14','2009-08-23 18:16:58','61.141.158.194',0,15524,'1251007073','会话信息失效导致退出','正常登录','超级管理员'),(337,1,'2009-08-23 14:05:58','2009-08-23 15:01:51','61.141.158.194',0,3353,'1251007317','WEB容器关闭导致退出','会话退出重新登录','超级管理员'),(338,1,'2009-08-23 14:05:58','2009-08-23 15:01:51','61.141.158.194',0,3353,'1251007317','WEB容器关闭导致退出','会话退出重新登录','超级管理员'),(339,1,'2009-08-23 14:29:01','2009-08-23 15:01:51','61.141.158.194',0,1970,'1251007317','WEB容器关闭导致退出','会话退出重新登录','超级管理员'),(340,1,'2009-08-23 14:48:59','2009-08-23 15:01:51','61.141.158.194',0,772,'1251007317','WEB容器关闭导致退出','会话退出重新登录','超级管理员'),(341,1,'2009-08-23 14:54:45','2009-08-23 15:02:06','61.141.158.194',0,441,'1251007317','系统正常退出','会话退出重新登录','超级管理员'),(342,1,'2009-08-23 15:04:26','2009-08-23 15:05:33','61.141.158.194',0,67,'1251011056','WEB容器关闭导致退出','正常登录','超级管理员'),(343,1,'2009-08-23 16:02:09','2009-08-23 17:16:43','61.141.158.194',0,4474,'1251013372','系统正常退出','会话退出重新登录','超级管理员'),(344,1,'2009-08-23 17:16:52','2009-08-23 17:18:01','61.141.158.194',0,69,'1251018997','系统正常退出','正常登录','超级管理员'),(345,1,'2009-08-23 17:18:11','2009-08-23 17:32:59','61.141.158.194',0,888,'1251019080','WEB容器关闭导致退出','正常登录','超级管理员'),(346,1,'2009-08-23 17:34:06','2009-08-23 17:34:32','61.141.158.194',0,26,'1251019987','系统正常退出','正常登录','超级管理员'),(347,1,'2009-08-23 17:34:39','2009-08-23 18:03:02','61.141.158.194',0,1703,'1251019987','WEB容器关闭导致退出','正常登录','超级管理员'),(348,1,'2009-08-23 17:56:56','2009-08-23 18:03:02','61.141.158.194',0,366,'1251019987','WEB容器关闭导致退出','正常登录','超级管理员'),(349,1,'2009-08-23 17:56:57','2009-08-23 18:03:02','61.141.158.194',0,365,'1251019987','WEB容器关闭导致退出','正常登录','超级管理员'),(350,1,'2009-08-23 17:56:57','2009-08-23 18:03:02','61.141.158.194',0,365,'1251019987','WEB容器关闭导致退出','正常登录','超级管理员'),(351,1,'2009-08-23 17:59:11','2009-08-23 18:03:02','61.141.158.194',0,231,'1251019987','WEB容器关闭导致退出','会话退出重新登录','超级管理员'),(352,1,'2009-08-23 18:51:52','2009-08-23 18:54:33','61.141.158.194',0,161,'1251024703','WEB容器关闭导致退出','正常登录','超级管理员'),(353,1,'2009-08-23 19:02:25','2009-08-23 19:55:27','61.141.158.194',0,3182,'1251025251','WEB容器关闭导致退出','正常登录','超级管理员'),(354,1,'2009-08-23 19:02:25','2009-08-23 19:55:27','61.141.158.194',0,3182,'1251025251','WEB容器关闭导致退出','正常登录','超级管理员'),(355,1,'2009-08-23 19:02:25','2009-08-23 19:55:27','61.141.158.194',0,3182,'1251025251','WEB容器关闭导致退出','正常登录','超级管理员'),(356,1,'2009-08-23 19:02:58','2009-08-23 19:55:27','61.141.158.194',0,3149,'1251025251','WEB容器关闭导致退出','正常登录','超级管理员'),(357,1,'2009-08-23 19:02:58','2009-08-23 19:55:27','61.141.158.194',0,3149,'1251025251','WEB容器关闭导致退出','正常登录','超级管理员'),(358,1,'2009-08-23 19:02:58','2009-08-23 19:55:27','61.141.158.194',0,3149,'1251025251','WEB容器关闭导致退出','正常登录','超级管理员'),(359,1,'2009-08-23 19:04:21','2009-08-23 19:55:27','61.141.158.194',0,3066,'1251025251','WEB容器关闭导致退出','会话退出重新登录','超级管理员'),(360,1,'2009-08-23 19:04:21','2009-08-23 19:55:27','61.141.158.194',0,3066,'1251025251','WEB容器关闭导致退出','会话退出重新登录','超级管理员'),(361,1,'2009-08-23 19:15:31','2009-08-23 19:55:27','61.141.158.194',0,2396,'1251025251','WEB容器关闭导致退出','会话退出重新登录','超级管理员'),(362,1,'2009-08-23 19:15:31','2009-08-23 19:55:27','61.141.158.194',0,2396,'1251025251','WEB容器关闭导致退出','会话退出重新登录','超级管理员'),(363,1,'2009-08-23 21:32:46',NULL,'61.141.158.194',0,0,'1251029810',NULL,'正常登录','超级管理员'),(364,1,'2009-08-23 21:32:46',NULL,'61.141.158.194',0,0,'1251029810',NULL,'正常登录','超级管理员'),(365,1,'2009-08-23 21:32:46',NULL,'61.141.158.194',0,0,'1251029810',NULL,'正常登录','超级管理员'),(366,1,'2009-08-23 21:45:50',NULL,'61.141.158.194',0,0,'1251029810',NULL,'正常登录','超级管理员'),(367,1,'2009-08-23 21:45:50',NULL,'61.141.158.194',0,0,'1251029810',NULL,'正常登录','超级管理员'),(368,1,'2009-08-23 21:45:50',NULL,'61.141.158.194',0,0,'1251029810',NULL,'正常登录','超级管理员'),(369,1,'2009-08-23 21:47:57',NULL,'61.141.158.194',0,0,'1251029810',NULL,'会话退出重新登录','超级管理员'),(370,1,'2009-08-23 21:47:57',NULL,'61.141.158.194',0,0,'1251029810',NULL,'会话退出重新登录','超级管理员'),(371,1,'2009-08-23 21:50:57',NULL,'61.141.158.194',0,0,'1251029810',NULL,'会话退出重新登录','超级管理员'),(372,1,'2009-08-23 21:50:57',NULL,'61.141.158.194',0,0,'1251029810',NULL,'会话退出重新登录','超级管理员'),(373,1,'2009-08-23 21:55:40',NULL,'61.141.158.194',0,0,'1251029810',NULL,'会话退出重新登录','超级管理员'),(374,1,'2009-08-23 21:55:40',NULL,'61.141.158.194',0,0,'1251029810',NULL,'会话退出重新登录','超级管理员'),(375,1,'2009-08-23 21:57:25',NULL,'61.141.158.194',0,0,'1251029810',NULL,'会话退出重新登录','超级管理员'),(376,1,'2009-08-23 21:57:25',NULL,'61.141.158.194',0,0,'1251029810',NULL,'会话退出重新登录','超级管理员'),(377,1,'2009-08-23 22:00:50',NULL,'61.141.158.194',0,0,'1251029810',NULL,'会话退出重新登录','超级管理员'),(378,1,'2009-08-23 22:00:50',NULL,'61.141.158.194',0,0,'1251029810',NULL,'会话退出重新登录','超级管理员'),(379,1,'2009-08-23 22:05:19',NULL,'61.141.158.194',0,0,'1251029810',NULL,'会话退出重新登录','超级管理员'),(380,1,'2009-08-23 22:05:19',NULL,'61.141.158.194',0,0,'1251029810',NULL,'会话退出重新登录','超级管理员'),(381,1,'2009-08-23 22:18:40',NULL,'61.141.158.194',0,0,'1251029810',NULL,'会话退出重新登录','超级管理员'),(382,1,'2009-08-23 22:18:40',NULL,'61.141.158.194',0,0,'1251029810',NULL,'会话退出重新登录','超级管理员'),(383,1,'2009-08-23 22:21:33',NULL,'61.141.158.194',0,0,'1251029810',NULL,'会话退出重新登录','超级管理员'),(384,1,'2009-08-23 22:21:33',NULL,'61.141.158.194',0,0,'1251029810',NULL,'会话退出重新登录','超级管理员'),(385,1,'2009-08-23 22:22:27',NULL,'61.141.158.194',0,0,'1251029810',NULL,'会话退出重新登录','超级管理员'),(386,1,'2009-08-23 22:22:27',NULL,'61.141.158.194',0,0,'1251029810',NULL,'会话退出重新登录','超级管理员'),(387,1,'2009-08-23 22:23:45',NULL,'61.141.158.194',0,0,'1251029810',NULL,'会话退出重新登录','超级管理员'),(388,1,'2009-08-23 22:23:46',NULL,'61.141.158.194',0,0,'1251029810',NULL,'会话退出重新登录','超级管理员'),(389,1,'2009-08-23 22:52:14',NULL,'116.25.49.10',0,0,'1251029810',NULL,'正常登录','超级管理员'),(390,1,'2009-08-23 23:40:00','2009-08-23 23:43:05','116.30.18.119',0,185,'1251029810','系统正常退出','正常登录','超级管理员'),(391,1,'2009-08-24 09:59:29',NULL,'211.148.195.19',0,0,'1251029810',NULL,'正常登录','超级管理员'),(392,1,'2009-08-24 09:59:29',NULL,'211.148.195.19',0,0,'1251029810',NULL,'正常登录','超级管理员'),(393,1,'2009-08-24 09:59:30',NULL,'211.148.195.19',0,0,'1251029810',NULL,'正常登录','超级管理员'),(394,1,'2009-08-24 16:36:29',NULL,'61.144.207.30',0,0,'1251029810',NULL,'正常登录','超级管理员'),(395,1,'2009-08-24 16:36:29',NULL,'61.144.207.30',0,0,'1251029810',NULL,'正常登录','超级管理员'),(396,1,'2009-08-24 16:47:11',NULL,'61.144.207.30',0,0,'1251029810',NULL,'正常登录','超级管理员'),(397,1,'2009-08-24 16:47:11',NULL,'61.144.207.30',0,0,'1251029810',NULL,'正常登录','超级管理员'),(398,1,'2009-08-24 21:20:20',NULL,'58.251.91.190',0,0,'1251029810',NULL,'正常登录','超级管理员'),(399,1,'2009-08-24 21:20:21',NULL,'58.251.91.190',0,0,'1251029810',NULL,'正常登录','超级管理员'),(400,1,'2009-08-25 22:58:05',NULL,'58.251.91.190',0,0,'1251029810',NULL,'正常登录','超级管理员'),(401,1,'2009-08-25 22:58:05',NULL,'58.251.91.190',0,0,'1251029810',NULL,'正常登录','超级管理员'),(402,1,'2009-08-26 14:34:19',NULL,'211.148.195.19',0,0,'1251029810',NULL,'正常登录','超级管理员'),(403,1,'2009-08-26 14:34:19',NULL,'211.148.195.19',0,0,'1251029810',NULL,'正常登录','超级管理员'),(404,1,'2009-08-26 14:37:15',NULL,'211.148.195.19',0,0,'1251029810',NULL,'会话退出重新登录','超级管理员'),(405,1,'2009-08-26 14:37:15',NULL,'211.148.195.19',0,0,'1251029810',NULL,'会话退出重新登录','超级管理员'),(406,1,'2009-08-26 14:37:52',NULL,'211.148.195.19',0,0,'1251029810',NULL,'会话退出重新登录','超级管理员'),(407,1,'2009-08-26 14:37:52',NULL,'211.148.195.19',0,0,'1251029810',NULL,'会话退出重新登录','超级管理员'),(408,1,'2009-08-26 14:39:05',NULL,'211.148.195.19',0,0,'1251029810',NULL,'会话退出重新登录','超级管理员'),(409,1,'2009-08-26 14:39:05',NULL,'211.148.195.19',0,0,'1251029810',NULL,'会话退出重新登录','超级管理员'),(410,1,'2009-08-26 14:39:54',NULL,'211.148.195.19',0,0,'1251029810',NULL,'会话退出重新登录','超级管理员'),(411,1,'2009-08-26 14:43:03',NULL,'211.148.195.19',0,0,'1251029810',NULL,'会话退出重新登录','超级管理员'),(412,1,'2009-08-26 14:55:01',NULL,'211.148.195.19',0,0,'1251029810',NULL,'会话退出重新登录','超级管理员'),(413,1,'2009-08-26 14:55:01',NULL,'211.148.195.19',0,0,'1251029810',NULL,'会话退出重新登录','超级管理员'),(414,1,'2009-08-26 14:55:53',NULL,'211.148.195.19',0,0,'1251029810',NULL,'会话退出重新登录','超级管理员'),(415,1,'2009-08-26 14:56:03','2009-08-26 15:26:52','211.148.195.19',0,1849,'1251029810','系统正常退出','正常登录','超级管理员'),(416,1,'2009-08-26 17:15:36',NULL,'211.148.195.19',0,0,'1251029810',NULL,'正常登录','超级管理员'),(417,1,'2009-08-26 17:15:36',NULL,'211.148.195.19',0,0,'1251029810',NULL,'正常登录','超级管理员'),(418,1,'2009-08-27 10:24:10',NULL,'117.136.31.201',0,0,'1251029810',NULL,'正常登录','超级管理员'),(419,1,'2009-08-27 10:59:52',NULL,'211.148.195.19',0,0,'1251029810',NULL,'正常登录','超级管理员'),(420,1,'2009-08-27 10:59:52',NULL,'211.148.195.19',0,0,'1251029810',NULL,'正常登录','超级管理员'),(421,1,'2009-08-27 10:59:52',NULL,'211.148.195.19',0,0,'1251029810',NULL,'正常登录','超级管理员'),(422,1,'2009-08-27 11:52:31',NULL,'211.148.195.19',0,0,'1251029810',NULL,'会话退出重新登录','超级管理员'),(423,1,'2009-08-27 11:52:31',NULL,'211.148.195.19',0,0,'1251029810',NULL,'会话退出重新登录','超级管理员'),(424,1,'2009-08-29 11:36:38',NULL,'121.35.162.139',0,0,'1251029810',NULL,'正常登录','超级管理员'),(425,1,'2009-08-29 11:36:38',NULL,'121.35.162.139',0,0,'1251029810',NULL,'正常登录','超级管理员'),(426,1,'2009-08-29 11:36:38',NULL,'121.35.162.139',0,0,'1251029810',NULL,'正常登录','超级管理员'),(427,1,'2009-08-29 13:21:26',NULL,'121.35.162.139',0,0,'1251029810',NULL,'正常登录','超级管理员'),(428,1,'2009-08-29 13:21:26',NULL,'121.35.162.139',0,0,'1251029810',NULL,'正常登录','超级管理员'),(429,1,'2009-08-29 13:21:27',NULL,'121.35.162.139',0,0,'1251029810',NULL,'正常登录','超级管理员'),(430,1,'2009-09-01 15:58:20',NULL,'58.60.231.3',0,0,'1251029810',NULL,'正常登录','超级管理员'),(431,1,'2009-09-01 15:58:20',NULL,'58.60.231.3',0,0,'1251029810',NULL,'正常登录','超级管理员'),(432,1,'2009-09-01 15:58:20','2009-09-01 16:16:03','58.60.231.3',0,1063,'1251029810','系统正常退出','正常登录','超级管理员'),(433,1,'2009-09-01 16:07:48','2009-09-01 16:09:25','58.60.231.3',0,97,'1251029810','系统正常退出','正常登录','超级管理员'),(434,1,'2009-09-01 16:14:34','2009-09-01 16:15:13','58.60.231.3',0,39,'1251029810','系统正常退出','正常登录','超级管理员'),(435,6,'2009-09-01 16:15:18','2009-09-01 16:15:51','58.60.231.3',1,33,'1251029810','系统正常退出','正常登录','顾正辉'),(436,1,'2009-09-23 22:57:47',NULL,'113.91.21.182',0,0,'1253005243',NULL,'正常登录','超级管理员'),(437,1,'2009-09-24 13:34:05',NULL,'58.60.231.3',0,0,'1253005243',NULL,'正常登录','超级管理员'),(438,1,'2009-09-29 11:55:49',NULL,'222.134.154.104',1,0,'1253005243',NULL,'正常登录','超级管理员');

/*Table structure for table `sys_parameter` */

DROP TABLE IF EXISTS `sys_parameter`;

CREATE TABLE `sys_parameter` (
  `PARAMNAME` varchar(20) NOT NULL COMMENT '参数名',
  `PARAMVALUE` text NOT NULL COMMENT '参数值',
  `COMMENTS` varchar(250) default NULL COMMENT '参数描述',
  `CREATETIME` datetime default NULL COMMENT '创建时间',
  `typeid` smallint(2) default '2' COMMENT '1系统参数2网站参数',
  PRIMARY KEY  (`PARAMNAME`)
) ENGINE=InnoDB DEFAULT CHARSET=utf8 COMMENT='系统参数信息';

/*Data for the table `sys_parameter` */

insert  into `sys_parameter`(`PARAMNAME`,`PARAMVALUE`,`COMMENTS`,`CREATETIME`,`typeid`) values ('resourcepath','../','查看网站上传的图片和视频的链接','2009-04-20 02:02:02',1),('resourcepathmanage','../','后台上传的图片路径等','2009-04-20 02:02:02',1),('sysname','重庆移动GPRS业务支撑平台','系统名称,不能删除','2009-04-20 02:02:02',1);

/*Table structure for table `sys_right` */

DROP TABLE IF EXISTS `sys_right`;

CREATE TABLE `sys_right` (
  `RIGHTCODE` varchar(20) NOT NULL COMMENT '权限标示',
  `RIGHTNAME` varchar(20) NOT NULL COMMENT '功能名称',
  `PARENTCODE` varchar(20) NOT NULL COMMENT '所属父模块代码，所在的功能或者模块',
  `LOGFLAG` tinyint(1) default '0' COMMENT '是否记录日志\r\n            1记录0不记录',
  `ISMENU` tinyint(1) default '1' COMMENT '是否菜单\r\n            如果是菜单的话,这里一定要显示对应的链接 1是0否',
  `ISCOMMON` tinyint(1) default '0' COMMENT '是否公用功能\r\n            1是0否',
  `GRADE` smallint(6) default '1' COMMENT '权限树的级别,顶级为1，子级为2，依次类推，作用在于显示菜单树的时候，按顺序来',
  `ORDERID` smallint(6) default '1' COMMENT '显示顺序\r\n            对menulevel和parentid都相同的起作用',
  `IMAGEURL` char(10) default NULL,
  `LINKURL` varchar(300) default NULL COMMENT '链接地址',
  `COMMENTS` varchar(200) default NULL COMMENT '描述内容',
  `OPENTARGET` varchar(20) default 'mainFrame' COMMENT '在哪个frame中打开',
  PRIMARY KEY  (`RIGHTCODE`)
) ENGINE=InnoDB DEFAULT CHARSET=utf8 COMMENT='系统权限信息';

/*Data for the table `sys_right` */

insert  into `sys_right`(`RIGHTCODE`,`RIGHTNAME`,`PARENTCODE`,`LOGFLAG`,`ISMENU`,`ISCOMMON`,`GRADE`,`ORDERID`,`IMAGEURL`,`LINKURL`,`COMMENTS`,`OPENTARGET`) values ('alert','系统告警','0',0,1,0,1,8,NULL,NULL,NULL,'mainFrame'),('alertHistory','历史告警查询','alert',0,1,0,2,1,NULL,'../alert/alertHistory.action',NULL,'mainFrame'),('allview','概况','0',0,1,0,1,1,NULL,NULL,NULL,'mainFrame'),('cellGuard','保障小区追踪','communicateguard',0,1,0,2,2,NULL,'../communicateguard/cellGuard.action',NULL,'mainFrame'),('communicateguard','通信保障','0',0,1,0,1,5,NULL,NULL,NULL,'mainFrame'),('error38','38号错误表','errorpdp',0,1,0,3,2,NULL,'../errorpdp/error38.action',NULL,'mainFrame'),('errorApns','错误APN分布','useraction',0,2,0,1,1,NULL,'../useraction/errorApns.action',NULL,'mainFrame'),('errorpdp','网络失败PDP','netquality',0,1,0,2,7,NULL,'../netquality/errorpdp.action',NULL,'mainFrame'),('exceptionApns','异常APN','tradeCustomer',0,1,0,2,2,NULL,'../tradeCustomer/exceptionApns.action',NULL,'mainFrame'),('exceptionUsers','异常用户','tradeCustomer',0,1,0,2,3,NULL,'../tradeCustomer/exceptionUsers.action',NULL,'mainFrame'),('gbLinkAlert','GB链路告警','netquality',0,1,0,2,5,NULL,'../netquality/gbLinkAlert.action',NULL,'mainFrame'),('gbLinkStatic','GB流量统计','netquality',0,1,0,2,6,NULL,'../netquality/gbLinkStatic.action',NULL,'mainFrame'),('hightStreamCell','高流量小区','netquality',0,1,0,2,2,NULL,'../netquality/hightStreamCell.action',NULL,'mainFrame'),('hightStreamUser','高流量用户排名','useraction',0,2,0,1,1,NULL,'../useraction/hightStreamUser.action',NULL,'mainFrame'),('importantCells','主要小区分布','tradeCustomer',0,1,0,2,4,NULL,'../tradeCustomer/importantCells.action',NULL,'mainFrame'),('log','日志记录','0',0,1,0,1,19,NULL,NULL,NULL,'mainFrame'),('netquality','网络质量','0',0,1,0,1,4,NULL,NULL,NULL,'mainFrame'),('noGuard','保障号码追踪','communicateguard',0,1,0,2,1,NULL,'../communicateguard/noGuard.action',NULL,'mainFrame'),('pdpErrorAll','PDP失败情况总表','errorpdp',0,1,0,3,1,NULL,'../errorpdp/pdpErrorAll.action',NULL,'mainFrame'),('query','记录查询','0',0,1,0,1,2,NULL,NULL,NULL,'mainFrame'),('queryByAPN','按APN查询','query',0,1,0,2,3,NULL,'../query/queryByAPN.action',NULL,'mainFrame'),('queryByCell','按小区编号查询','query',0,1,0,2,2,NULL,'../query/queryByCell.action',NULL,'mainFrame'),('queryByMobile','按用户号码查询','query',0,1,0,2,1,NULL,'../query/queryByMobile.action',NULL,'mainFrame'),('raduiasErrors','RADUIAS错误详表','userPdpError',0,3,0,1,1,NULL,'../userPdpError/raduiasErrors.action',NULL,'mainFrame'),('resourceList','资源列表','netquality',0,1,0,2,1,NULL,'../netquality/resourceList.action',NULL,'mainFrame'),('roamErros','漫游错误样表','userPdpError',0,3,0,1,1,NULL,'../userPdpError/roamErros.action',NULL,'mainFrame'),('sgsnStream','SGSN流量分析','staticAll',0,1,0,3,3,NULL,'../staticAll/sgsnStream.action',NULL,'mainFrame'),('sgsnStream23g','SGSN-2/3G流量分析','staticAll',0,1,0,3,4,NULL,'../staticAll/sgsnStream23g.action',NULL,'mainFrame'),('static','统计分析','0',0,1,0,1,3,NULL,NULL,NULL,'mainFrame'),('staticAll','业务全貌','static',0,1,0,2,1,NULL,'../static/staticAll.action',NULL,'mainFrame'),('staticAPN','APN业务统计','staticTrade',0,1,0,3,1,NULL,'../staticTrade/staticAPN.action',NULL,'mainFrame'),('staticAPNCell','行业APN分重点小区分析','staticTrade',0,1,0,3,3,NULL,'../staticTrade/staticAPNCell.action',NULL,'mainFrame'),('staticAPNTime','行业APN分时段统计','staticTrade',0,1,0,3,2,NULL,'../staticTrade/staticAPNTime.action',NULL,'mainFrame'),('staticBy24Hours','24小时业务统计','tradeCustomer',0,1,0,2,5,NULL,'../tradeCustomer/staticBy24Hours.action',NULL,'mainFrame'),('staticDetail','业务细节','static',0,1,0,2,2,NULL,'../static/staticDetail.action',NULL,'mainFrame'),('staticTrade','行业业务统计','static',0,1,0,2,3,NULL,'../static/staticTrade.action',NULL,'mainFrame'),('stream','总流量分析','staticAll',0,1,0,3,1,NULL,'../staticAll/stream.action',NULL,'mainFrame'),('stream23g','2/3G流量分析','staticAll',0,1,0,3,2,NULL,'../staticAll/stream23g.action',NULL,'mainFrame'),('streamBscRnc','BSC/RNC流量分析','staticDetail',0,1,0,3,1,NULL,'../staticDetail/streamBscRnc.action',NULL,'mainFrame'),('streamCell','CELL流量分析','staticDetail',0,1,0,3,2,NULL,'../staticDetail/streamCell.action',NULL,'mainFrame'),('streamCellTime','CELL分时流量分析','staticDetail',0,1,0,3,3,NULL,'../staticDetail/streamCellTime.action',NULL,'mainFrame'),('sys','系统管理','0',1,1,0,1,20,NULL,NULL,'系统管理的根','mainFrame'),('sysGroupList','部门管理','sys',1,1,0,2,1,NULL,'../sys/sysGroupList.action',NULL,'mainFrame'),('sysLoginLogList','登录日志','log',1,1,0,2,1,NULL,'../log/sysLoginLogList.action',NULL,'mainFrame'),('sysOperLogList','操作日志','log',1,1,0,2,2,NULL,'../log/sysOperLogList.action',NULL,'mainFrame'),('sysParameterList','参数管理','sys',1,1,0,2,4,NULL,'../sys/sysParameterList.action',NULL,'mainFrame'),('sysRoleList','角色管理','sys',1,1,0,2,3,NULL,'../sys/sysRoleList.action',NULL,'mainFrame'),('sysUserList','管理员管理','sys',1,1,0,2,2,NULL,'../sys/sysUserList.action',NULL,'mainFrame'),('tradeCustomer','行业客户','0',0,1,0,1,7,NULL,NULL,NULL,'mainFrame'),('tradeCustomerAll','行业用户概况','tradeCustomer',0,1,0,2,1,NULL,'../tradeCustomer/tradeCustomerAll.action',NULL,'mainFrame'),('useraction','用户行为','0',0,1,0,1,6,NULL,NULL,NULL,'mainFrame'),('userPdpError','PDP失败情况','useraction',0,2,0,1,1,NULL,'../useraction/userPdpError.action',NULL,'mainFrame'),('userPdpErrorAll','PDP失败情况总表','userPdpError',0,3,0,1,1,NULL,'../userPdpError/userPdpErrorAll.action',NULL,'mainFrame'),('userPdpErrorTopList','PDP失败用户排名','useraction',0,2,0,1,1,NULL,'../useraction/userPdpErrorTopList.action',NULL,'mainFrame'),('zeroStreamAPN','0流量APN','netquality',0,1,0,2,4,NULL,'../netquality/zeroStreamAPN.action',NULL,'mainFrame'),('zeroStreamCell','0流量小区','netquality',0,1,0,2,3,NULL,'../netquality/zeroStreamCell.action',NULL,'mainFrame');

/*Table structure for table `sys_role` */

DROP TABLE IF EXISTS `sys_role`;

CREATE TABLE `sys_role` (
  `ROLEID` int(11) NOT NULL auto_increment COMMENT '角色标示',
  `ROLENAME` varchar(50) default NULL COMMENT '角色名',
  `COMMENTS` text COMMENT '角色描述',
  `CREATEUSER` varchar(10) default NULL COMMENT '创建人员',
  `CREATETIME` datetime default NULL COMMENT '创建时间',
  `GRADEID` int(10) unsigned NOT NULL default '0',
  PRIMARY KEY  (`ROLEID`)
) ENGINE=InnoDB DEFAULT CHARSET=utf8 COMMENT='系统角色信息';

/*Data for the table `sys_role` */

insert  into `sys_role`(`ROLEID`,`ROLENAME`,`COMMENTS`,`CREATEUSER`,`CREATETIME`,`GRADEID`) values (1,'系统管理员','系统的那个管理员呢','admin','2009-07-06 00:06:17',0);

/*Table structure for table `sys_role_rights` */

DROP TABLE IF EXISTS `sys_role_rights`;

CREATE TABLE `sys_role_rights` (
  `RIGHTCODE` varchar(20) NOT NULL COMMENT '权限标示',
  `roleid` int(11) NOT NULL COMMENT '角色标示',
  PRIMARY KEY  (`RIGHTCODE`,`roleid`),
  KEY `FK_SYS_USER_RIGHTS2` (`roleid`)
) ENGINE=MyISAM DEFAULT CHARSET=utf8 COMMENT='系统用户权限对应关系';

/*Data for the table `sys_role_rights` */

insert  into `sys_role_rights`(`RIGHTCODE`,`roleid`) values ('adList',1),('adproxyView',1),('advPosList',1),('content',1),('contentList',1),('corpAgrement',1),('corpInfo',1),('corpOrderList',1),('corpUsersList',1),('hasBeenDoneList',1),('helpView',1),('homeUsersList',1),('huodongList',1),('info',1),('keywordList',1),('log',1),('mediaService',1),('newsList',1),('newsTypeList',1),('noticeList',1),('partnerList',1),('passwdChange',1),('personalAgrement',1),('photoList',1),('productList',1),('service',1),('shichuangList',1),('shouldDoList',1),('sys',1),('sysGroupList',1),('sysLoginLogList',1),('sysOperLogList',1),('sysParameterList',1),('sysUserList',1),('unionView',1),('urlparamList',1),('userLoginLog',1),('userOperLog',1),('users',1),('videoList',1),('videoOffice',1),('wait',1),('waitCorpUsersList',1),('website',1),('workspace',1);

/*Table structure for table `sys_user` */

DROP TABLE IF EXISTS `sys_user`;

CREATE TABLE `sys_user` (
  `USERID` int(11) NOT NULL auto_increment COMMENT '用户标示',
  `GROUPID` int(11) default NULL COMMENT '组信息',
  `LOGINNAME` varchar(40) NOT NULL COMMENT '登录名',
  `USERNAME` varchar(20) default NULL COMMENT '用户姓名',
  `STYLE` varchar(15) default NULL COMMENT '对应的css',
  `GENDER` varchar(2) default NULL COMMENT '性别,男G,女M',
  `EMPLOYEENO` varchar(15) default NULL COMMENT '在公司的工号',
  `PASSWORD` varchar(40) NOT NULL COMMENT 'md5后的密码',
  `STATUS` smallint(6) default NULL COMMENT '状态\r\n            0启用1 冻结 2其他禁用状态',
  `EMAIL` varchar(50) default NULL COMMENT '邮件',
  `DELFLAG` tinyint(1) default NULL COMMENT '是否删除\r\n            1删除0未删除',
  `OFFICEPHONE` varchar(20) default NULL COMMENT '办公电话',
  `MOBILE` varchar(20) default NULL COMMENT '手机',
  `COMMENTS` varchar(300) default NULL COMMENT '描述',
  `CREATEUSER` varchar(40) default NULL COMMENT '创建人员',
  `CREATETIME` datetime default NULL COMMENT '创建时间',
  `MODIFY_TIME` timestamp NOT NULL default CURRENT_TIMESTAMP on update CURRENT_TIMESTAMP,
  PRIMARY KEY  (`USERID`)
) ENGINE=InnoDB DEFAULT CHARSET=utf8 COMMENT='系统用户信息';

/*Data for the table `sys_user` */

insert  into `sys_user`(`USERID`,`GROUPID`,`LOGINNAME`,`USERNAME`,`STYLE`,`GENDER`,`EMPLOYEENO`,`PASSWORD`,`STATUS`,`EMAIL`,`DELFLAG`,`OFFICEPHONE`,`MOBILE`,`COMMENTS`,`CREATEUSER`,`CREATETIME`,`MODIFY_TIME`) values (1,NULL,'admin','超级管理员','','G','0000000','admina',0,'admin@139.com',0,'0755-26635251','13510073023','超级管理员','0','2009-07-04 12:32:12','0000-00-00 00:00:00'),(2,10000161,'liuhuafeng','刘华锋',NULL,'G',NULL,'liuhuafeng',0,'neil.liu@139.com',0,'0755-26635251','13510073023','没有备注','admin','2009-07-06 00:15:03','0000-00-00 00:00:00'),(3,10000161,'liufeng','liufeng',NULL,'G',NULL,'liufeng',0,'liufeng',0,'liufeng','liufeng','liufeng','admin','2009-07-13 00:23:30','0000-00-00 00:00:00'),(4,10000161,'lululu','lululu',NULL,'G',NULL,'lululu',0,'lululu',0,'lululu','lululu','lululu','liufeng','2009-07-13 00:28:10','0000-00-00 00:00:00'),(6,10000161,'guzhenghui','顾正辉',NULL,'G',NULL,'guzhenghui',0,'',0,'','','','admin','2009-08-19 20:13:48','0000-00-00 00:00:00');

/*Table structure for table `sys_user_rights` */

DROP TABLE IF EXISTS `sys_user_rights`;

CREATE TABLE `sys_user_rights` (
  `RIGHTCODE` varchar(20) NOT NULL COMMENT '权限标示',
  `USERID` int(11) NOT NULL COMMENT '用户标示',
  PRIMARY KEY  (`RIGHTCODE`,`USERID`),
  KEY `FK_SYS_USER_RIGHTS2` (`USERID`)
) ENGINE=MyISAM DEFAULT CHARSET=utf8 COMMENT='系统用户权限对应关系';

/*Data for the table `sys_user_rights` */

insert  into `sys_user_rights`(`RIGHTCODE`,`USERID`) values ('adList',6),('adproxyView',6),('advPosList',6),('content',6),('contentList',6),('corpAgrement',6),('corpInfo',6),('corpOrderList',6),('corpUsersList',6),('hasBeenDoneList',6),('helpView',6),('homeUsersList',6),('huodongList',6),('info',6),('keywordList',6),('log',6),('mediaService',6),('newsList',6),('newsTypeList',6),('noticeList',6),('partnerList',6),('passwdChange',6),('personalAgrement',6),('photoList',6),('productList',6),('service',6),('shichuangList',6),('shouldDoList',6),('sysLoginLogList',6),('sysOperLogList',6),('unionView',6),('urlparamList',6),('userLoginLog',6),('userOperLog',6),('users',6),('videoList',6),('videoOffice',6),('wait',6),('waitCorpUsersList',6),('website',6),('workspace',6);

/*Table structure for table `sys_user_roles` */

DROP TABLE IF EXISTS `sys_user_roles`;

CREATE TABLE `sys_user_roles` (
  `ROLEID` int(11) NOT NULL COMMENT '角色标示',
  `USERID` int(11) NOT NULL COMMENT '用户标示',
  PRIMARY KEY  (`ROLEID`,`USERID`),
  KEY `FK_SYS_USER_ROLES_1` (`USERID`),
  CONSTRAINT `FK_SYS_USER_ROLES_1` FOREIGN KEY (`USERID`) REFERENCES `sys_user` (`USERID`) ON DELETE CASCADE,
  CONSTRAINT `FK_SYS_USER_ROLES_2` FOREIGN KEY (`ROLEID`) REFERENCES `sys_role` (`ROLEID`)
) ENGINE=InnoDB DEFAULT CHARSET=utf8 COMMENT='系统用户角色对应关系';

/*Data for the table `sys_user_roles` */

insert  into `sys_user_roles`(`ROLEID`,`USERID`) values (1,2),(1,3),(1,4),(1,6);

/*!40101 SET SQL_MODE=@OLD_SQL_MODE */;
/*!40014 SET FOREIGN_KEY_CHECKS=@OLD_FOREIGN_KEY_CHECKS */;
